fixed-axis,metric
4.998122816054566,74.53124999999997
