fixed-axis,metric
3.736817695006677,74.53124999999997
