fixed-axis,metric
2.4195679997701545,59.218750000000014
