fixed-axis,metric
1.5154534411967202,74.27083333333334
