fixed-axis,metric
3.0506416612705376,65.46875
